Gene Symbol,exp
OCLN,5
INSL3,5
ST6GALNAC5,5
DPYSL5,5
FOXM1,5
BDH2,5
GALNT10,5
LAMA1,5
OR10AD1,5
TPH2,5
AGPAT3,5
AGPAT4,5
INPP4A,5
INPP5A,5
INPP5B,5
INPP5D,5
FOXO3,5
INPPL1,5
OGDH,5
FOXO1,5
TNFRSF11B,5
PDX1,5
VANGL1,5
FLNB,5
FLNA,5
A2M,5
SUPT20H,5
NAGK,5
OLR1,5
NAT1,5
INSR,5
INSRR,5
EIF3E,5
FLOT2,5
FLNC,5
OR1F1,5
IRF3,5
IRF4,5
OR2C1,5
CDH2,5
FMOD,5
FMO5,5
MIOX,5
FMO3,5
FMO2,5
FMO1,5
CHRNA9,5
FLT4,5
FLT3LG,5
FLT3,5
PTCRA,5
ARPC5L,5
FLT1,5
OPRD1,5
IRAK1,5
ITGA6,5
OPRK1,5
OPRL1,5
IRAK2,5
NDUFS7,5
OPRM1,5
FMO4,5
IRF1,5
ITGA1,5
ITGA2,5
FNTB,5
OTUD5,5
SHARPIN,5
FNTA,5
FN1,5
CDH5,5
CDH4,5
CDH3,5
FMR1,5
OR3A1,5
IRF5,5
OR3A2,5
IRF7,5
IRS1,5
ORC1,5
ORC2,5
ITGA9,5
ITGAD,5
ITGAE,5
ITGAL,5
ITGAM,5
FOS,5
CDK7,5
CDK6,5
CDK5,5
FAHD1,5
CDK4,5
CDK2,5
FOLH1,5
CDH15,5
ITGA2B,5
ITGA3,5
ITGA4,5
ITGA5,5
ITGA7,5
ITGB3,5
ITGB4,5
EIF6,5
ITGB5,5
ITGB6,5
ITGB7,5
CDKN2D,5
CDKN2C,5
CDKN2B,5
CDKN2A,5
FPR3,5
CDKN1C,5
HYI,5
FPR2,5
CDKN1B,5
CDKN1A,5
FPR1,5
FPGS,5
FOSL2,5
FOSB,5
ITGAV,5
ITGAX,5
ITGB1,5
ITGB2,5
CDS1,5
CDO1,5
RDH12,5
ITGB8,5
DGKH,5
CEBPB,5
CHPF,5
CARS2,5
RDH8,5
CARD18,5
CES1,5
FXN,5
PRDM4,5
TXNRD3,5
CEL,5
PCSK9,5
PRDM7,5
SHC2,5
CTSC,5
CFL2,5
GADL1,5
CFL1,5
CETP,5
NPNT,5
MYLK2,5
ALG2,5
HIBADH,5
CFTR,5
CGA,5
EIF2AK4,5
IFNK,5
ETNK1,5
MACROH2A2,5
TRPV6,5
ASPDH,5
IGSF11,5
SMPD3,5
ASIC4,5
IP6K1,5
OR52B2,5
SPHK2,5
RB1CC1,5
CPT1C,5
DHTKD1,5
NUP58,5
PIP4P2,5
PGAM4,5
MAML3,5
AK1,5
AK2,5
AK4,5
SPATA2,5
AKT1,5
ARHGEF11,5
AKT2,5
CYCS,5
TKTL2,5
ADCY4,5
TREM2,5
HEPH,5
LIPF,5
ELMO1,5
ALAD,5
ALAS1,5
IL17RB,5
ALAS2,5
ALCAM,5
ALDH1A1,5
ALDH2,5
ALDH3A1,5
CNTNAP1,5
ALDH1B1,5
PIK3R3,5
FARP2,5
GCM1,5
ALDH1A3,5
ALDH3B1,5
ALDH3B2,5
ALDH9A1,5
ALDH3A2,5
ENOSF1,5
ALDOA,5
ITGA8,5
ALDOB,5
IKBKG,5
GAB2,5
ITGA10,5
PLXNA3,5
YBX3,5
MED24,5
MMAB,5
TRHR,5
MAGI2,5
SMG1,5
ALDOC,5
AKR1B1,5
DGKD,5
ALOX12,5
DDO,5
RAPGEF4,5
DGKZ,5
DGKE,5
CYP4F2,5
AGPS,5
SEC24D,5
TOPBP1,5
NMNAT2,5
ALOX5,5
ALOX12B,5
HGSNAT,5
ALOX15,5
ALOX15B,5
ALPI,5
ALPL,5
SETDB1,5
TRIP6,5
CAMK1,5
TRPC1,5
BHLHE40,5
MAPKAPK5,5
TRPC3,5
TBC1D4,5
B4GAT1,5
CDC14A,5
TRPC5,5
SMG7,5
TRPC4,5
PIAS1,5
TRPM2,5
TRPC6,5
CDC14B,5
ALPP,5
KDM1A,5
ALPG,5
TELO2,5
THOC5,5
KMO,5
OR2T8,5
OR2W3,5
CPSF6,5
SV2B,5
NUDT21,5
YARS1,5
FIG4,5
PDXK,5
PHLPP2,5
DEGS1,5
AMD1,5
AMH,5
AMHR2,5
WWP1,5
TSC1,5
DAAM1,5
AMPD1,5
AMPD2,5
AMPD3,5
AMPH,5
PLCH1,5
BIN1,5
CYFIP2,5
AMT,5
AMY1A,5
AMY2A,5
LILRB3,5
MKNK1,5
B3GNT5,5
LILRA2,5
LILRA3,5
TSHR,5
AMY2B,5
ANGPT1,5
ANGPT2,5
TSC2,5
RIPK3,5
FUNDC1,5
TSTA3,5
TST,5
OR4A47,5
ANPEP,5
SLC25A4,5
SLC25A5,5
SLC25A6,5
OR6A2,5
IL24,5
SHANK3,5
LILRB4,5
TUBA4A,5
TUBA3C,5
PABPC1,5
TTF1,5
TTK,5
LIAS,5
TUBB2A,5
TYK2,5
TXNRD1,5
TYR,5
ACOT12,5
TYMS,5
TNFRSF4,5
TNFSF4,5
TXN,5
TXK,5
IL4I1,5
IL20,5
LDHAL6B,5
TNN,5
GALNT11,5
IL21R,5
GALNT9,5
ATP6V0A4,5
ITPA,5
ITPK1,5
ITPKA,5
ITPKB,5
ITPR1,5
ITPR2,5
ITK,5
STT3A,5
GEMIN4,5
SVIP,5
JAK1,5
JAK2,5
JAK3,5
ITPR3,5
CALY,5
IVD,5
JAG2,5
JUNB,5
JUND,5
PLB1,5
JUN,5
ARHGEF4,5
SETD1B,5
CD82,5
KARS1,5
TP53AIP1,5
NUP42,5
PRDM16,5
KCNJ3,5
KCNJ4,5
KCNJ2,5
DYNC2H1,5
KCNE1,5
SHC4,5
KCNJ1,5
GALNT18,5
KCNJ14,5
KCNJ15,5
AK7,5
PINK1,5
WNT4,5
CHMP6,5
CHAT,5
SRD5A3,5
IARS2,5
CHAD,5
PANK3,5
KCNJ5,5
KCNJ6,5
KCNJ8,5
KCNJ9,5
KCNJ10,5
AKR1C4,5
KCNJ12,5
KCNN4,5
CHKB,5
NLRX1,5
CHIT1,5
CHEK1,5
KCNJ16,5
KCNK2,5
KCNK3,5
KCNMA1,5
KCNMB1,5
CHKA,5
KDR,5
CHRM4,5
CHRM3,5
CERS3,5
PPP1R3B,5
CHRM2,5
CHRM1,5
KCNQ1,5
CHRNB4,5
CHRNB2,5
CHRNB1,5
GALNT12,5
CHRNA7,5
HIPK4,5
CHRNA5,5
CHRNA4,5
CHRNA3,5
CHRNA2,5
CHRNA1,5
CHRM5,5
KHK,5
KIF5A,5
KIF5B,5
CISH,5
CKB,5
CHUK,5
CHRNG,5
CHRNE,5
MTOR,5
CHRND,5
ENPP6,5
AK3,5
ASAP1,5
FTH1,5
CKMT2,5
IL34,5
CKMT1B,5
CKM,5
CASP12,5
NSDHL,5
AP2S1,5
AP2M1,5
PRKD2,5
ACSBG1,5
CLCA1,5
DUSP10,5
GALNT5,5
GALNT6,5
TSLP,5
TBC1D1,5
LPCAT4,5
ASAP3,5
PRR5,5
SV2A,5
MTMR8,5
SRGAP3,5
CA5B,5
PPP1R1B,5
SGMS2,5
ANAPC13,5
NT5M,5
NIT2,5
SMYD2,5
SMPD4,5
AMBRA1,5
POMGNT1,5
CHEK2,5
TNFSF11,5
DDX20,5
RGMA,5
PAN2,5
FZD10,5
AKAP13,5
IRAK3,5
LPGAT1,5
MFN2,5
TXN2,5
PLPP1,5
XYLB,5
PLPP2,5
OSCAR,5
NAT8L,5
SEH1L,5
ACSS3,5
AOC2,5
AOX1,5
MAFB,5
PLA2G4C,5
APAF1,5
NUDT2,5
P2RY14,5
RDH16,5
RBM8A,5
PRDM9,5
RUVBL1,5
PDE8B,5
NPFF,5
MGAT4C,5
ADPRM,5
PIGV,5
CCL3L3,5
APC,5
CERS4,5
ADIPOR2,5
PLPP3,5
BIRC2,5
GFPT2,5
POMK,5
HSD17B6,5
BAMBI,5
UNC5C,5
FGF19,5
SKAP1,5
BIRC3,5
XIAP,5
GNG2,5
BIRC5,5
CTNNBIP1,5
EFL1,5
APOA1,5
FAT4,5
NPLOC4,5
CHPT1,5
APOB,5
MFN1,5
RFXANK,5
NR1H4,5
NUP153,5
AKR1C3,5
DCHS1,5
UBB,5
PTCH2,5
APOC1,5
PPP4R3A,5
GALNT14,5
APOC3,5
DPM3,5
APOE,5
TYROBP,5
MED12,5
MED13,5
TNFSF15,5
TYRP1,5
AOC3,5
SOCS1,5
TREH,5
NUMB,5
MAP4K1,5
RCE1,5
RASSF1,5
THOC1,5
PDE5A,5
INMT,5
REC8,5
CRPPA,5
NKD2,5
APOH,5
APRT,5
FAS,5
CCNB3,5
FASLG,5
MAPK8IP3,5
AQP1,5
AQP2,5
NUP205,5
UBC,5
NCOA1,5
LAMTOR3,5
CHRD,5
RBX1,5
ABCB11,5
NAT2,5
EIF3B,5
EIF3C,5
IRS2,5
KCNE2,5
EIF3A,5
AANAT,5
EIF3G,5
AARS1,5
EIF3H,5
WIF1,5
EIF3D,5
ABAT,5
EIF3F,5
ABCA1,5
RGL1,5
AQP5,5
NKD1,5
AQP7,5
GPD1L,5
AR,5
ARAF,5
LPIN1,5
CHAC2,5
ALDH4A1,5
UBE2I,5
RHO,5
VAMP8,5
SUMO1,5
VAMP4,5
GRK1,5
ABL1,5
EIF4G3,5
AOC1,5
RLN1,5
ABL2,5
BECN1,5
ABO,5
NUDT5,5
STX16,5
RICTOR,5
AREG,5
ARF1,5
B4GALNT4,5
PCBD2,5
RHEB,5
EIF3I,5
EIF3J,5
ACAA1,5
ACACA,5
ACACB,5
ACADL,5
ACADM,5
ACADS,5
MARVELD2,5
STRAP,5
ACADSB,5
UFD1,5
ACADVL,5
KRT37,5
ACAT1,5
KRT36,5
ACAT2,5
UGDH,5
UGCG,5
KRT38,5
JMJD7-PLA2G4B,5
ARF6,5
UCP1,5
ARG1,5
ARG2,5
RHOA,5
UCN,5
RLN2,5
ASIC2,5
ASIC1,5
ACHE,5
GALNT4,5
DGAT1,5
ACLY,5
ACO1,5
UGT2B17,5
CDC37,5
UGT2B15,5
RASSF6,5
CDC23,5
S1PR4,5
UGT8,5
HYAL2,5
COLGALT2,5
ARHGAP5,5
UGP2,5
ARHGDIA,5
ARHGDIB,5
ARHGDIG,5
ATRIP,5
RASGRP3,5
ACO2,5
PLAAT3,5
ACOX1,5
ACP1,5
ACP2,5
BVES,5
ACP5,5
UPP1,5
ACTA2,5
PGLS,5
UMPS,5
RNASEL,5
UCK2,5
ATG2A,5
NGEF,5
SH3GLB2,5
ACTB,5
NDUFA4L2,5
PRXL2B,5
UROD,5
SCIN,5
ACTC1,5
ACTG1,5
FAF1,5
ACTG2,5
C1GALT1,5
ABRAXAS1,5
KIF3A,5
USP1,5
DHX33,5
UROS,5
NFASC,5
TAB2,5
SEMA3G,5
ZNRF3,5
SELENOI,5
ACTN4,5
SSH2,5
MCCC1,5
NMUR2,5
PAK6,5
ACTL6A,5
ACTN1,5
ACVR1,5
ACVR1B,5
ACVR2A,5
ACVR2B,5
ACY1,5
ACYP1,5
ACYP2,5
G6PC3,5
KIR2DS3,5
WHAMM,5
KIF5C,5
RORC,5
ROBO2,5
ROBO1,5
ROCK1,5
ST20-MTHFS,5
RORB,5
RORA,5
KISS1,5
KIT,5
KLK1,5
KLK2,5
KLKB1,5
MOB1B,5
POC1B-GALNT4,5
KLRC4-KLRK1,5
EIF3CL,5
KNG1,5
KLRC1,5
KLRC2,5
KLRC3,5
KLRD1,5
DHRS4L1,5
KPNB1,5
FTL,5
KRAS,5
NR5A1,5
KRT13,5
PYDC1,5
FUT4,5
KRT10,5
FUT3,5
KRT12,5
FUT2,5
FUT1,5
GAST,5
FUT7,5
FUT6,5
FUT5,5
KRT9,5
MAGI3,5
RGMB,5
PLA2G4E,5
CYFIP1,5
ATG4B,5
FZD2,5
GANAB,5
FYN,5
FYB1,5
KDSR,5
FUT8,5
KRT14,5
KRT15,5
G6PD,5
G6PC,5
KRT16,5
MTHFD1L,5
KRT19,5
KRT31,5
KRT32,5
GABBR1,5
PRICKLE1,5
GAA,5
KRT20,5
TOLLIP,5
CLTC,5
CLTB,5
CLTA,5
MICALL2,5
KRT17,5
KRT18,5
GAB1,5
GABRB3,5
GABRB2,5
CCR1,5
GABRB1,5
ACTR3C,5
CHPF2,5
GEMIN7,5
GABRA6,5
GABRA5,5
GABRA4,5
GABRA3,5
GABRA2,5
KRT33A,5
KRT33B,5
KRT34,5
KRT35,5
LTB4R,5
GAD1,5
GABRR2,5
GSDMD,5
GABRR1,5
GABRP,5
ALG9,5
CCR7,5
CCR6,5
GABRG1,5
CCR5,5
GABRE,5
CCR4,5
GABRD,5
SMOX,5
CCR3,5
L1CAM,5
RAB7B,5
GALK1,5
AMDHD1,5
B4GALNT1,5
GALE,5
GALC,5
MYH14,5
ABCC2,5
GANC,5
PLK3,5
IFNE,5
GAMT,5
CNGA4,5
GALT,5
CNGA3,5
GALNT3,5
GALNT2,1
CNGA1,5
GALNT1,5
CNGB1,5
GALNS,5
GALR1,5
FAAP24,5
CNTN1,5
CNTFR,5
CNTF,5
OR10A5,5
OR2AG1,5
CNR2,5
CNR1,5
GAPDH,5
HEXD,5
GLYCTK,5
COL4A4,5
COL4A3,5
COL4A2,5
COL4A1,5
COL3A1,5
COL2A1,5
COL1A2,5
COL1A1,5
CYP26C1,5
CDON,5
OR6T1,5
OR10S1,5
MED12L,5
COL6A3,5
COL6A2,5
CARD17,5
COL6A1,5
COL4A6,5
COL4A5,5
PDE11A,5
FOXP3,5
SHANK1,5
KRT23,5
NEDD4L,5
SH2B3,5
BCL2L11,5
NDUFA11,5
COL9A3,5
COL9A2,5
TANK,5
MGLL,5
SYNPO,5
PDCD6IP,5
GABARAPL2,5
HDAC5,5
NTPCR,5
GNE,5
INSL5,5
ARNT,5
HCN4,5
ARNTL,5
FRAT1,5
ARRB1,5
PIGK,5
ARRB2,5
MED16,5
COQ5,5
ICOSLG,5
AGAP2,5
ACSL6,5
ENAH,5
ARSA,5
NLGN3,5
ARSB,5
UBXN6,5
STS,5
PARVA,5
MGAT4A,5
B4GALT3,5
CNDP2,5
B4GALT2,5
PPCS,5
NUP133,5
B4GALT4,5
B3GALT2,5
TBL1XR1,5
B3GALT1,5
B3GALT4,5
B3GALNT1,5
CTSF,5
MMACHC,5
PARS2,5
CHMP2B,5
GNPDA1,5
AGK,5
TNFRSF13C,5
OGDHL,5
SH2B1,5
AKT3,5
ASAH1,5
ACOT7,5
TNFRSF25,5
GABARAP,5
TRADD,5
ACOT8,5
COLGALT1,5
GPAA1,5
WTIP,5
SIN3A,5
NECTIN3,5
NARS2,5
ASGR1,5
ASGR2,5
H2AJ,5
SSH1,5
ASIP,5
ASL,5
TBC1D17,5
ASMT,5
PIGW,5
TNFSF14,5
NEK7,5
TNFSF10,5
VAV2,5
TNFSF9,5
TNFSF13,5
VCAM1,5
TNFSF12,5
SEC31B,5
RBPJL,5
ASNS,5
ASPA,5
EXOC2,5
ASPH,5
ASS1,5
SUV39H2,5
WDR59,5
RIPK1,5
PALB2,5
VPS45,5
MYH13,5
UVRAG,5
VASP,5
LYPLA2,5
VARS1,5
VAV1,5
HRK,5
VEGFA,5
GEMIN5,5
VDR,5
VEGFC,5
VEGFB,5
UPF3B,5
MARCKSL1,5
VCP,5
VCL,5
VDAC2,5
VDAC1,5
VDAC3,5
UPF3A,5
PABPC4,5
EZR,5
CDS2,5
WWTR1,5
VIPR1,5
VIP,5
RAB11A,5
PLCD3,5
VIPR2,5
TNFRSF14,5
CSGALNACT1,5
SERPINC1,5
MIOS,5
CACNA2D3,5
ATF1,5
ATF4,5
VHL,5
FADD,5
SNAP23,5
TRPV1,5
TNFRSF6B,5
MTMR1,5
MPDZ,5
ATIC,5
ATM,5
ATOX1,5
ATP1A1,5
ATP1A2,5
CSTF2T,5
ATP1A3,5
ATP12A,5
WWC1,5
RIPK2,5
RPE,5
VWF,5
TNFRSF18,5
WARS1,5
RPE65,5
RGS9,5
WAS,5
ATP1A4,5
ATP1B1,5
ATP1B2,5
ATP1B3,5
FBXW11,5
FXYD2,5
ATP2A1,5
SMG6,5
ATP2A2,5
ATP2A3,5
MGRN1,5
RPA1,5
VTN,5
RPA3,5
RPA2,5
TNFRSF10C,5
TNFRSF10B,5
TNFRSF11A,5
TNFRSF10D,5
CYP4F8,5
WFS1,5
MGAT4B,5
WEE1,5
B4GALT7,5
NSD2,5
TNFRSF10A,5
EXOC7,5
ATP2B1,5
FPGT,5
ATP2B2,5
ATP2B3,5
ATP2B4,5
ATP4A,5
ATP4B,5
KCNJ18,5
ATP5F1A,5
PPIP5K2,5
FBP2,5
WNT3,5
WNT2,5
WNT6,5
WNT5A,5
WNT7B,5
WNT7A,5
WNT8B,5
WNT8A,5
NUP160,5
WNT1,5
WDR24,5
WNT9B,5
WNT9A,5
XPOT,5
WNT10B,5
CACNG8,5
WNT2B,5
CACNG6,5
WNT11,5
CACNG7,5
MRI1,5
XBP1,5
XDH,5
CLDN20,5
DTX4,5
UPRT,5
RPN2,5
SIK2,5
PLCB1,5
RCHY1,5
RPN1,5
PHLPP1,5
LAMA2,5
LAMA3,5
MAN1B1,5
RPS6KA3,5
RPS6KA2,5
RPS6KB2,5
RPS6KB1,5
UAP1L1,5
RPS6KA1,5
RPS6,5
LAMB2,5
LAMB3,5
LAMC1,5
LAMC2,5
LAMA4,5
LAMA5,5
LAMB1,5
STMN1,5
DHH,5
F11R,5
LCP2,5
LCT,5
LDHA,5
LBR,5
PARD6A,5
LCAT,5
LCK,5
OR11H6,5
SEMA3D,5
LDHC,5
LDLR,5
GAS1,5
GART,5
GARS1,5
LDHB,5
GATA3,5
LEP,5
LEPR,5
GBA,5
GATM,5
LFNG,5
GATA4,5
GBE1,5
GCDH,5
GCNT1,5
FRMD6,5
GCK,5
COMT,5
GCH1,5
COMP,5
GCGR,5
GCG,5
LHB,5
LHCGR,5
LIF,5
LIFR,5
KAT2A,5
LIPC,5
LIPE,5
FADS1,5
MSTN,5
MAP3K8,5
CORT,5
GCSH,5
GCNT2,5
ABLIM1,5
LIMK1,5
LIMK2,5
LIPA,5
GFAP,5
LARGE2,5
OR5P2,5
OR5P3,5
LLGL2,5
LLGL1,5
IL31RA,5
TPCN2,5
B4GALT1,5
COX10,5
GGT1,5
GGCX,5
GFPT1,5
LPCAT1,5
PYCR3,5
UCN2,5
CBLIF,5
GHSR,5
CPB2,5
GHR,5
CP,5
GGT5,5
COX15,5
GGT7,5
CPT1A,5
CPS1,5
CPOX,5
CLDN7,5
GJA1,5
CLDN3,5
NPL,5
GIPR,5
CLDN4,5
GIP,5
IL17RE,5
CREB1,5
CPT2,5
CPT1B,5
CRHR2,5
CRHR1,5
CRH,5
NCR3,5
CREM,5
MGAT5B,5
ATF6B,5
CREBBP,5
ATF2,5
CRKL,5
CRK,5
SLCO1B3,5
PLXNA4,5
ALDH7A1,5
UNC5A,5
ATP5F1B,5
ATP5F1C,5
PDIA6,5
ALG11,5
IL1RL2,5
IL18R1,5
HMGCLL1,5
ATP5F1D,5
ATP5F1E,5
SUCLG1,5
AGMAT,5
ATP5PB,5
SUCLA2,5
EHMT1,5
CHMP4B,5
ATP5MC1,5
BRK1,5
ATP5MC2,5
SUCLG2,5
PPP2R2D,5
OPTN,5
ATP5MC3,5
PIGU,5
NAMPT,5
IL18RAP,5
APBB1IP,5
INPP4B,5
TOB1,5
HCAR2,5
USE1,5
ATP5ME,5
ATP5PF,5
ATP6V1A,5
PSENEN,5
ATP6V1B1,5
DPM1,5
ATP6V1B2,5
ATP6V0C,5
GALR2,5
ATP6V1C1,5
ATP6V1E1,5
FGF18,5
DPM2,5
GDPD1,5
SYNGAP1,5
CYP27C1,5
ATP6V0B,5
ATP6V1G2,5
ATP6V0A1,5
ECHDC1,5
GEMIN6,5
CES2,5
SGK2,5
ATP6AP1,5
FGF17,5
ATP5PO,5
RAD50,5
PIP4K2C,5
FGF16,5
HIPK3,5
PREB,5
NRP1,5
IQGAP1,5
NDUFB11,5
HARS2,5
GPR156,5
ATP1B4,5
HCAR3,5
HDAC3,5
GPR161,5
RHOQ,5
NPB,5
DDIT4,5
ASH1L,5
ATR,5
CAMKMT,5
TOMM7,5
SOCS2,5
GABRQ,5
GGH,5
GMPS,5
AUH,5
RASGRP1,5
CFLAR,5
KAT2B,5
SIRT5,5
SIRT4,5
ASAP2,5
ALDH1A2,5
TAS1R1,5
TAS1R2,5
FRAT2,5
SPOPL,5
AVPR1A,5
AVPR2,5
XPO1,5
H2AW,5
KSR1,5
MLYCD,5
CRB1,5
YWHAG,5
PER2,5
YWHAE,5
APLN,5
YWHAZ,5
YWHAH,5
PER3,5
DUSP16,5
SIRT3,5
SIRT1,5
ARPC2,5
DLL4,5
EPB41L4B,5
YES1,5
YWHAB,5
PPIF,5
NADK,5
SYNJ2,5
VNN2,5
VNN1,5
ARHGEF7,5
BAAT,5
BAD,5
ADGRB1,5
UGT1A6,5
UGT1A7,5
UGT1A8,5
BAK1,5
UGT1A10,5
ZAP70,5
ST3GAL5,5
UGT1A5,5
SYNJ1,5
CDC16,5
TAX1BP1,5
BARD1,5
A3GALT2,5
BAX,5
TUBAL3,5
EGLN1,5
BCAT1,5
BCAT2,5
SETD7,5
SGPL1,5
CPSF7,5
ALG13,5
SPHK1,5
SQSTM1,5
EIF2B5,5
EIF2S2,5
ARPC4,5
EIF2B3,5
ARPC5,5
EIF2B2,5
ARPC1B,5
MTMR3,5
ARPC3,5
MTMR2,5
ACTR2,5
ACTR3,5
EIF2B4,5
BCKDHA,5
BCKDHB,5
CCND1,5
BCL2,5
BCL2A1,5
BCL2L1,5
RRM2,5
RRM1,5
RRAS,5
RXRA,5
SNUPN,5
DUOXA2,5
RXRG,5
RXRB,5
MED13L,5
SRGAP2,5
SMG5,5
AHCYL2,5
NCSTN,5
CLIP1,5
RYR3,5
RYR2,5
RYR1,5
AKT1S1,5
LARS2,5
PIP5K1C,5
RYK,5
CARNMT1,5
ARHGEF12,5
SORT1,5
FARSB,5
DNM1L,5
ST6GALNAC1,5
NR1H3,5
ARHGEF18,5
ADCY10,5
KDM3A,5
ACSM3,5
PARP3,5
PARP2,5
PIKFYVE,5
MYL6B,5
PPP2R3B,5
GK,5
GLA,5
SOST,5
LIN9,5
ADSS1,5
GLB1,5
GCLC,5
GLI1,5
GLG1,5
GLDC,5
GCLM,5
PLD4,5
GLO1,5
CRY2,5
CRY1,5
GLI3,5
GLI2,5
GLUD1,5
GLS,5
GLRB,5
GLRA2,5
GLRA1,5
CRYAB,5
GLP1R,5
GLUD2,5
SGMS1,5
GLUL,5
OR2A14,5
GNAI2,5
CSF3,5
GNAI1,5
TRPV4,5
SENP2,5
HRH4,5
CSF2,5
GNA12,5
GNA11,5
CSF1R,5
PYM1,5
GMPR,5
CSF1,5
MAPK14,5
GNB4,5
CS,5
GMDS,5
CSF2RB,5
CSF2RA,5
GNA15,5
GNB1,5
GNAZ,5
GNAT2,5
RXFP1,5
GNAT1,5
GNAS,5
CSN2,5
GNAQ,5
GNAO1,5
GNAL,5
GNAI3,5
CSF3R,5
BOC,5
GNGT2,5
CSNK2B,5
GNG11,5
GNG10,5
CSNK2A2,5
B3GAT1,5
CSNK2A1,5
GNG7,5
GNG5,5
CSNK1G3,5
GNG4,5
CSNK1G2,5
CSNK1E,5
GNG3,5
CSNK1D,5
GNB3,5
CSNK1A1,5
GNB2,5
ACER2,5
GNS,5
GNRHR,5
GNRH2,5
GNRH1,5
ST6GALNAC4,5
CACNG5,5
KCNMB3,5
CACNG4,5
ALDH1L2,5
CSTF3,5
CSTF2,5
CSTF1,5
PPA2,5
NLRP12,5
PERP,5
OXCT2,5
CMBL,5
CTNNA1,5
CTLA4,5
CTH,5
CCN2,5
CTF1,5
CTBP2,5
CTBP1,5
B3GALNT2,5
DAPP1,5
LHPP,5
KRT39,5
CTNNB1,5
CTNNA2,5
LAT,5
MCCC2,5
CTU1,5
BCL3,5
BCL6,5
RBKS,5
TNFRSF17,5
PARVG,5
GSTT2B,5
GYG2,5
HJV,5
HCN2,5
CCNA1,5
SLC27A1,5
BDH1,5
ACAD8,5
RSPO2,5
BDKRB1,5
NOX1,5
BDKRB2,5
CACNA1H,5
CACNA1G,5
BDNF,5
CACNA1I,5
CFB,5
BCL10,5
CLDN14,5
LPAR3,5
BGLAP,5
BHMT,5
NSFL1C,5
NDUFA12,5
BID,5
STAM2,5
KYNU,5
PFN4,5
TOP3B,5
GNG12,5
BLM,5
CXCR5,5
BLVRA,5
BLVRB,5
NANOG,5
RAMP2,5
RAMP1,5
WASF1,5
ZMPSTE24,5
MAPK8IP2,5
ATP6V0A2,5
RXFP4,5
LILRA4,5
BMP2,5
BMP4,5
BMP5,5
BMP6,5
BMP7,5
BMP8B,5
BTRC,5
BMPR1A,5
UGT1A3,5
RCAN2,5
BMPR1B,5
UGT1A1,5
BMPR2,5
UGT1A4,5
RASGRP2,5
MAPK12,5
SARS1,5
HYAL4,5
PIGN,5
GLYAT,5
BNIP1,5
BNIP3,5
BNIP3L,5
L2HGDH,5
KCNMB2,5
BPGM,5
CALCOCO2,5
GPHN,5
DHDDS,5
CLCF1,5
P4HA2,5
MBOAT2,5
ATXN1,5
MGAM,5
CHRNA6,5
ATP6V0D2,5
ATP6V1C2,5
BRCA1,5
IL17D,5
BRAF,5
BRCA2,5
NUDT9,5
CRLS1,5
ZFP36L1,5
CGAS,5
ZFP36L2,5
MARS2,5
ZFYVE1,5
SAT1,5
OR1Q1,5
FLOT1,5
MSMO1,5
H2AC11,5
SC5D,5
UNC5B,5
PLOD3,5
RPS6KA4,5
SCN1B,5
SCN1A,5
NNT,5
PIK3R5,5
BRS3,5
STX6,5
BST1,5
COQ7,5
BTC,5
DTX3,5
BTD,5
SCD5,5
PANK1,5
SHC3,5
WASL,5
SCD,5
ATP6V0E1,5
SCN5A,5
SELENBP1,5
SCN4B,5
ORC4,5
ORC5,5
SCN7A,5
SCN9A,5
LIMD1,5
TNFSF18,5
DAAM2,5
ELOVL7,5
BTG1,5
BTK,5
BUB1,5
TRPA1,5
SCN2A,5
SCN3A,5
SCNN1G,5
CLDN11,5
SCP2,5
SCTR,5
SCT,5
CCL1,5
NUP188,5
NUP54,5
SCRIB,5
FRMD1,5
PATJ,5
TPCN1,5
EIF1,5
SCNN1A,5
OSM,5
SCNN1B,5
NME6,5
CMPK2,5
CALCRL,5
CCL4,5
OXT,5
OXTR,5
CCL5,5
P2RX1,5
CCL8,5
P2RX3,5
CCL7,5
P2RX4,5
CCL13,5
P2RX5,5
ABLIM2,5
DOT1L,5
MOGAT1,5
MAML2,5
CCL3,5
CCL2,5
OXCT1,5
CCL3L1,5
P2RY4,5
P2RY6,5
CCL17,5
P2RY11,5
CCL20,5
P4HA1,5
CCL19,5
GRK7,5
CCL21,5
P4HB,5
CCL22,5
CARD11,5
P2RX7,5
SAV1,5
P2RY1,5
P2RY2,5
ELOVL5,5
CXCL11,5
CXCL6,5
PABPC3,5
XCL1,5
CXCL5,5
CX3CL1,5
RNF41,5
ALG3,5
PAFAH1B1,5
CCL25,5
ACSS2,5
AASDHPPT,5
HPSE2,5
PSME3,5
CCL24,5
PPCDC,5
KMT2E,5
PAH,5
ANGPTL8,5
SERPINE1,5
CMAS,5
SDC4,5
SERPINB2,5
CXCL12,5
PAK1,5
SDHA,5
GALM,5
SDC1,5
PAFAH1B3,5
PAFAH2,5
PAFAH1B2,5
NXT2,5
ERBIN,5
PAK3,5
DHRS9,5
CXCL16,5
SEC13,5
SDHC,5
SDHB,5
PAK2,5
SDHD,5
TGDS,5
FNIP1,5
HAAO,5
PRKN,5
ACSM1,5
UGT1A9,5
HEY2,5
ALYREF,5
PBX1,5
ABI2,5
ICMT,5
GCAT,5
HEY1,5
PLXNC1,5
RASA4,5
GOT2,5
GOT1,5
AASS,5
OR56B4,5
ATP6AP2,5
PCCB,5
NUDT16,5
LPAR6,5
WASF2,5
COL6A6,5
LPCAT3,5
ETHE1,5
QPRT,5
PC,5
PCBD1,5
PCBP2,5
PCCA,5
GP1BA,5
SFN,5
LIN37,5
NUP85,5
IQGAP3,5
GPD1,5
GP5,5
USP21,5
FGF22,5
GPLD1,5
GPI,5
HACD2,5
GPD2,5
XCR1,5
CCR10,5
BEX3,5
TUBA3E,5
TPK1,5
CTPS1,5
CTNND2,5
CTNND1,5
NPBWR1,5
EDA2R,5
CTSD,5
CTSB,5
UTS2R,5
CTSL,5
CTSK,5
CTSH,5
MOGAT3,5
CTSO,5
MCHR1,5
LPAR4,5
CTSV,5
CX3CR1,5
STT3B,5
CTSZ,5
GPER1,5
CTSW,5
CTSS,5
GPR35,5
GRK6,5
CYBB,5
FFAR2,5
CYBA,5
TGIF2,5
FFAR1,5
MLNR,5
GRK5,5
GRK4,5
STX1B,5
GPX3,5
GPX2,5
CYP1B1,5
GPX1,5
CYP1A2,5
GPT,5
CYP1A1,5
MKNK2,5
CYLD,5
CYP2A6,5
GPX4,5
GRIA3,5
GRIA2,5
GRIA1,5
CYP2C8,5
RAPGEF1,5
CYP2C19,5
GRB10,5
CYP2B6,5
GRB2,5
CYP2A13,5
CYP3A7,5
GPX7,5
CYP2C9,5
CYP2F1,5
CYP2E1,5
GRIK3,5
GRIK2,5
GRIK1,5
CYP2D6,5
CYP2D7,5
GRID1,5
CYP2C18,5
GRIA4,5
DAPK2,5
CYP11A1,5
CYP8B1,5
CSNK1A1L,5
CYP7A1,5
AMACR,5
CYP4A11,5
CYP3A5,5
CYP3A4,5
CYP2J2,5
P2RY8,5
CYP27B1,5
CYP27A1,5
CYP26A1,5
CYP24A1,5
CYP21A2,5
CYP19A1,5
CYP17A1,5
CYP11B1,5
ACER1,5
CYP51A1,5
IL17C,5
CARD9,5
VPS4A,5
EPHA6,5
CHMP7,5
HCAR1,5
OR1M1,5
OR7G1,5
BUB1B,5
IL17B,5
TSPO,5
GLS2,5
SPDYE2,5
SPDYE3,5
SERPING1,5
C1QA,5
C1QB,5
C1QC,5
C1R,5
C1S,5
C2,5
C3,5
C3AR1,5
RXFP2,5
HES5,5
SPDYE5,5
C4A,5
C4B,5
IL36B,5
IL37,5
C5,5
C5AR1,5
GPAT4,5
UNC5D,5
CHIA,5
ZBTB17,5
TRIM25,5
CITED2,5
SEMA3A,5
PRKD3,5
TUBA1B,5
CA1,5
IRF9,5
TUBB3,5
BPNT1,5
TUBB4B,5
SELE,5
TUBB4A,5
CA2,5
CA3,5
CA4,5
CA5A,5
CA6,5
CA7,5
CA8,5
CA9,5
BTG4,5
CA12,5
CACNA1A,5
PPP1R12C,5
CACNA1B,5
CACNA1C,5
CACNA1D,5
CACNA1E,5
WARS2,5
SELP,5
CACNA1F,5
SELL,5
CACNA1S,5
SEMA3F,5
SELPLG,5
LRRC4,5
SFRP2,5
SFRP1,5
NPFFR1,5
CRLF2,5
SGK3,5
CACNA2D1,5
CACNB1,5
CACNB2,5
CACNB3,5
CACNB4,5
CACNG1,5
MAP2K4,5
KLF2,5
AK8,5
SETMAR,5
VSIR,5
LY96,5
CAD,5
PPP1R15A,5
PLD3,5
CALB1,5
CALCA,5
DCHS2,5
CALCB,5
TRPM4,5
SFRP5,5
SFRP4,5
CLEC4M,5
B3GNT3,5
TLR6,5
MRVI1,5
HTR3E,5
PLA2G15,5
RRAGC,5
PCNA,5
NOD2,5
PLXNB2,5
SLC7A11,5
SERPINA5,5
PCK1,5
PCK2,5
TRDN,5
CCL26,5
XYLT1,5
LIN52,5
SH3BP2,5
XYLT2,5
IFIH1,5
SH3GL2,5
ATP6V1E2,5
MAP3K12,5
SH3GL1,5
NTSR2,5
CBLC,5
NMUR1,5
B3GALT5,5
LAMC3,5
SGK1,5
SGSH,5
TCIRG1,5
CHMP1A,5
NUP62,5
ZYX,5
PCYT1A,5
SHC1,5
OR7D2,5
RBSN,5
PDE1A,5
CA14,5
AKR1A1,5
SIRPB1,5
RXYLT1,5
SH3GL3,5
IDI2,5
RRAGB,5
SHMT2,5
PDE3B,5
PDE4A,5
PDE4B,5
PDE4C,5
SI,5
PDE4D,5
PDE6A,5
PDE6C,5
SIAH1,5
PDE6D,5
SHMT1,5
PDE1C,5
SHH,5
PDE2A,5
PRDM2,5
PDE3A,5
ST3GAL2,5
PDE8A,5
ST3GAL1,5
PDE9A,5
PDE1B,5
PDGFA,5
ST3GAL4,5
ST3GAL3,5
PDGFB,5
PDGFRA,5
ST8SIA1,5
PDE6B,5
ST6GAL1,5
PDE7A,5
PIK3AP1,5
PDE6G,5
PARD6G,5
SIPA1,5
PDHB,5
PDK1,5
ENPP1,5
ENPP2,5
ENPP3,5
PDHA1,5
PDGFRB,5
PDYN,5
PECAM1,5
SERPINF1,5
PENK,5
PDPK1,5
PER1,5
GATB,5
ARHGAP35,5
LDHAL6A,5
GRIK4,5
APC2,5
NR3C1,5
CNGB3,5
GRIN2D,5
PAK4,5
GRIN2C,5
GRIN2B,5
GRIN2A,5
PFN3,5
GRIN1,5
GRIK5,5
PF4,5
PF4V1,5
PFAS,5
GRM1,5
CXCL1,5
GRM8,5
GRM7,5
GRM6,5
GRM5,5
GRM4,5
GRM3,5
GRM2,5
DDX58,5
GRP,5
CXCL3,5
CXCL2,5
STAG1,5
GRPR,5
STX18,5
NUS1,5
BET1,5
SAP18,5
ORC3,5
GSK3B,5
DAB2,5
GSK3A,5
PDSS1,5
ORC6,5
DGKQ,5
GSTA2,5
DGKG,5
GSTA1,5
DGKB,5
DGKA,5
GSS,5
DAG1,5
GSR,5
EIF1B,5
GSPT1,5
DAD1,5
GSN,5
CYTH4,5
SMC1B,5
GSTM1,5
DAPK3,5
DKK4,5
DAPK1,5
GSTA4,5
PARVB,5
DAO,5
INPP5J,5
CYP2S1,5
DKK2,5
GSTM5,5
GSTM4,5
GSTM3,5
DAXX,5
DARS1,5
GSTM2,5
MED30,5
GSTZ1,5
DBI,5
GSTT2,5
INVS,5
GSTT1,5
DBH,5
GSTP1,5
TJP3,5
DBT,5
EDARADD,5
DCTD,5
BLNK,5
DCN,5
DCK,5
ECI1,5
EIF2AK1,5
DCC,5
CACYBP,5
DCT,5
GTF2I,5
PDE7B,5
GUCY1A2,5
AKR1C2,5
AKR1C1,5
DDC,5
DDB2,5
BBC3,5
CARD10,5
DDIT3,5
GUCA1B,5
GADD45A,5
GUCA1A,5
GUSB,5
GUK1,5
GUCY2F,5
DDX3X,5
GUCY2C,5
GUCY1B1,5
GUCY1A1,5
DDOST,5
ENTPD8,5
GYS2,5
GYS1,5
PLPP5,5
GYG1,5
DFFA,5
CFD,5
SLC38A9,5
MCHR2,5
ACSS1,5
FREM1,5
SHPK,5
GPX8,5
RAPGEF3,5
YAP1,5
HYKK,5
SEC24B,5
CALD1,5
CALM1,5
CALM2,5
CDIPT,5
CALM3,5
CADM1,5
GSPT2,5
LAMTOR4,5
CALML3,5
CAMK4,5
CAMK2A,5
CAMK2B,5
CAMK2D,5
CAMK2G,5
GABARAPL1,5
CAMP,5
CAPN1,5
CAPN2,5
PEMT,5
ST3GAL6,5
PIAS3,5
ENPP7,5
RND1,5
CARS1,5
CASP1,5
CASP2,5
CASP3,5
CASP4,5
CASP5,5
CASP6,5
DHDH,5
CASP7,5
CASP8,5
CASP9,5
CASP10,5
CASQ1,5
CASQ2,5
CASR,5
CAT,5
CAV1,5
CAV2,5
CAV3,5
SKP1,5
RUNX2,5
RUNX1,5
RUNX3,5
CBL,5
CBLB,5
VTI1B,5
MOGS,5
VKORC1L1,5
CBR1,5
CBR3,5
CBS,5
ATG4A,5
SKP2,5
BTG2,5
NCOA2,5
MYLK3,5
SLC3A2,5
IL1R2,5
CXCR4,5
MRGPRD,5
APOA5,5
KYAT1,5
CCK,5
RETSAT,5
CCKBR,5
SLC2A1,5
KRIT1,5
TUBA1A,5
SLC2A4,5
ACSM6,5
SLC2A5,5
PAX8,5
SLC6A3,5
SEMA4A,5
BCL2L13,5
CCNA2,5
CCNB1,5
CCND2,5
CCND3,5
RNF43,5
CCNE1,5
FZD5,5
ELOVL2,5
ATP5PD,5
ROBO3,5
PFKFB4,5
MLST8,5
PFKL,5
OR4C6,5
NXF1,5
PFKM,5
AMOTL1,5
SLC8A2,5
USP7,5
NLRP6,5
SEC23A,5
SEC23B,5
MAPKAPK3,5
PFKFB1,5
CREB3,5
PFKFB2,5
SEMA3B,5
PFKFB3,5
NEU4,5
PGA5,5
PGAM1,5
CRB2,5
PGAM2,5
SLC10A1,5
PISD,5
IL17RA,5
MAD2L2,5
BAIAP2,5
VAV3,5
PFKP,5
SLC8A1,5
PFN1,5
SLC9A1,5
RAB7A,5
SLC8A3,5
PFN2,5
ECI2,5
TAB1,5
PGK1,5
PGD,5
PGF,5
FST,5
PGR,5
ABCB4,5
SPDYA,5
BHMT2,5
CYP3A7-CYP3A51P,5
PGM1,5
PGM3,5
SLC34A1,5
LYPLA1,5
CALML4,5
PHKA1,5
SLIT1,5
MARVELD3,5
PHKA2,5
PHKB,5
RNF152,5
ACAA2,5
SLCO1A2,5
TUBB8,5
PHKG2,5
PIGS,5
SMARCA2,5
SERPINA1,5
SMARCA4,5
OR5M11,5
SMARCC1,5
SMARCB1,5
SERPINB5,5
SNAI2,5
PHKG1,5
PIGA,5
PIGC,5
ST6GALNAC3,5
TRIT1,5
ST6GALNAC6,5
CARD6,5
PLA2G2E,5
PIGH,5
PIGR,5
PIK3C2A,5
PIK3C2B,5
PIK3C2G,5
PIK3C3,5
ATP6V1G3,5
PIGF,5
PIK3CG,5
PIK3R1,5
PIK3R2,5
PI4KA,5
PI4KB,5
C8orf44-SGK3,5
PIK3CA,5
PIK3CB,5
PIM1,5
PIK3CD,5
CREB3L3,5
MCEE,5
TRPM7,5
BEST2,5
LRRC4B,5
CEPT1,5
NOD1,5
ANAPC10,5
DHFR,5
MYL9,5
DHCR24,5
DHCR7,5
TUBB2B,5
DGUOK,5
DHODH,5
DIAPH1,5
NQO1,5
CYB5R3,5
DIAPH2,5
CHMP2A,5
SESN1,5
DLG1,5
DLD,5
DLAT,5
ACOT1,5
DLST,5
DLG4,5
DLG3,5
DLG2,5
PLA2G4F,5
NT5C1A,5
TUBB6,5
BMP8A,5
ANAPC2,5
ACKR3,5
ALG5,5
ST6GAL2,5
CNOT7,5
SARDH,5
NMRK2,5
NCF1,5
COQ2,5
MYLPF,5
PARD6B,5
GNMT,5
AKR1B10,5
OR51B5,5
CPSF1,5
DYNC1I2,5
DYNC1I1,5
IL1F10,5
PLA2G12B,5
DYNC1H1,5
DGAT2,5
PDXP,5
ATG101,5
AMOT,5
PIK3R4,5
NTNG2,5
DNMT3B,5
DNMT3A,5
GGT6,5
DNMT1,5
DNM2,5
KISS1R,5
DYNC1LI2,5
RARS2,5
DGKK,5
DLL1,5
DPAGT1,5
DOCK2,5
DOCK1,5
EHD2,5
EHD3,5
CHRNA10,5
TRPM5,5
CD209,5
CCNG1,5
SOCS7,5
CCNG2,5
CCNH,5
NT5C,5
HHIP,5
MPP5,5
GAL,5
CRYL1,5
CD1C,5
CD1D,5
CD3D,5
CD3E,5
ZMAT3,5
CD3G,5
ATG7,5
CD247,5
PPP1R3E,5
SEPSECS,5
ADIPOR1,5
OR4F15,5
ABHD5,5
CD4,5
CD6,5
CD8A,5
LAMTOR5,5
PROCR,5
CD14,5
CA13,5
CD19,5
CD22,5
SEMA3C,5
CD27,5
CD28,5
CD86,5
TNFRSF8,5
TNFSF8,5
CD34,5
CD36,5
KMT2C,5
OR2A2,5
MTHFD2L,5
EPS15L1,5
GPAT3,5
DDX39B,5
CD38,5
ENTPD1,5
ENTPD2,5
ENTPD6,5
ENTPD3,5
ENTPD5,5
CD40,5
CD40LG,5
ALDH5A1,5
SEMA4F,5
CD44,5
CD47,5
SEMA4D,5
CD48,5
SEMA4B,5
CD58,5
FREM2,5
HSD17B8,5
RRAGD,5
SMPD2,5
PLA2G7,5
IL17RC,5
SMPD1,5
LMNB2,5
SMO,5
MPP4,5
CD70,5
CD72,5
CD74,5
RAB11FIP5,5
CD79A,5
CD79B,5
OR2H2,5
SMARCC2,5
CDA,5
SMARCD2,5
SMARCD1,5
SMARCE1,5
SMARCD3,5
SMN2,5
SMN1,5
PLCD4,5
VANGL2,5
CDK1,5
SUMO3,5
SMS,5
TFEB,5
SIGLEC1,5
SUMO2,5
PHOSPHO2,5
SNAP25,5
SNAI1,5
APPL1,5
OR13D1,5
PIN1,5
CDC6,5
CDC20,5
CDC25A,5
CDC25B,5
OXSM,5
CDC25C,5
CDC27,5
CDC42,5
AMDHD2,5
CDH1,5
COQ6,5
SOX17,5
NSD1,5
COP1,5
PIP4K2A,5
PITX2,5
SORD,5
PLA2G2A,5
PLA2G4A,5
SOS1,5
PLA2G5,5
SUMO4,5
FIS1,5
FZD3,5
PKLR,5
PKM,5
SOD1,5
SOAT1,5
SEM1,5
SOD2,5
PLA2G1B,5
SLCO1B1,5
PLCB2,5
TUSC3,5
PLCB3,5
LMNA,5
PLCB4,5
AZI2,5
SOX9,5
LMNB1,5
PLCD1,5
PLCL1,5
SOS2,5
SOX2,5
PLAT,5
PLAU,5
PLAUR,5
PLG,5
LNPEP,5
UAP1,5
SERPINF2,5
RASA4B,5
PLCG1,5
SP1,5
SIVA1,5
PLCG2,5
PLD1,5
PRICKLE3,5
PLD2,5
LMO7,5
PLN,5
PLOD1,5
PLOD2,5
LPL,5
SORBS1,5
GRIN3A,5
LAP3,5
RAB39B,5
GRIN3B,5
PLIN1,5
SPAM1,5
PLK1,5
POMT1,5
FXYD1,5
TXNRD2,5
MTHFS,5
PLTP,5
PLXNA1,5
PLXNA2,5
SPN,5
CHST8,5
SPP1,5
PLXNB1,5
PLXNB3,5
LRP1,5
PMAIP1,5
TBL1Y,5
PMCH,5
SPR,5
LRP2,5
TXNDC12,5
SPTLC1,5
YARS2,5
NMD3,5
ARPC1A,5
AGPAT1,5
AGPAT2,5
LRP6,5
LRP5,5
PMM1,5
PMM2,5
MMP25,5
LRPAP1,5
GREM2,5
LSP1,5
LSS,5
DERA,5
APIP,5
SLC34A2,5
NDUFA13,5
CXCL13,5
CYP4F3,5
LTBP1,5
ACTR3B,5
LTBR,5
LTC4S,5
ANAPC4,5
THOC2,5
IL19,5
LTB,5
PKN3,5
DSE,5
IL22RA2,5
LTA4H,5
LTA,5
SEMA4C,5
PMS2,5
LYN,5
SH2D1A,5
CERS2,5
POMT2,5
DMGDH,5
APH1B,5
TUBA1C,5
ALG6,5
IMPAD1,5
NBR1,5
NME7,5
PYCR2,5
GMPPA,5
GMPPB,5
SLC34A3,5
EPN1,5
NT5C3B,5
SARS2,5
GNAT3,5
MAD2L1,5
SMAD1,5
SMAD2,5
SMAD3,5
SMAD4,5
MARCKS,5
RPA4,5
RNF125,5
DPYSL2,5
DPYS,5
DPYD,5
LPCAT2,5
ST8SIA5,5
SMAD5,5
SMAD6,5
SMAD7,5
EEF2K,5
SMAD9,5
MAF,5
DRD4,5
DRD2,5
DRD1,5
UCKL1,5
PRKAG3,5
SSH3,5
BCO1,5
GEMIN8,5
PIGX,5
RCAN1,5
S1PR5,5
HBEGF,5
OR2A1,5
DSPP,5
NMRK1,5
DUSP2,5
DUSP1,5
DTYMK,5
DTX1,5
ACSM5,5
DUSP7,5
DUSP6,5
DUSP5,5
DUSP4,5
DUSP3,5
SIPA1L1,5
L3HYPDH,5
DVL1,5
CYSLTR2,5
DUT,5
PDSS2,5
DUSP9,5
PIGO,5
ANO2,5
DUSP8,5
TIGAR,5
PNPLA2,5
DVL3,5
DVL2,5
GPT2,5
CAMK1D,5
CNTNAP2,5
E2F1,5
MCAT,5
LPAR5,5
NUP107,5
UPF2,5
E2F5,5
E2F4,5
KCNMB4,5
E2F3,5
E2F2,5
TYMP,5
CHMP1B,5
HOGA1,5
CNDP1,5
MAN1C1,5
ELOVL3,5
SQOR,5
PAK5,5
ANGPTL3,5
TCF7L1,5
EDA,5
TP53INP2,5
RHOD,5
ECHS1,5
ENOPH1,5
NRBF2,5
SLURP1,5
NLRC4,5
TKFC,5
SMURF1,5
RPS6KA6,5
P2RY10,5
MOCS3,5
JAM2,5
PRUNE1,5
PRICKLE4,5
HPGDS,5
PSAT1,5
MYL7,5
KMT5C,5
RAB33B,5
VARS2,5
DOLPP1,5
CAMK1G,5
CRTC2,5
SLC25A31,5
ADPGK,5
NSD3,5
YKT6,5
PMVK,5
FARS2,5
CXCR6,5
CD226,5
LEFTY1,5
RGS14,5
ATP5MG,5
CAMKK2,5
NPRL2,5
SPTA1,5
SPTAN1,5
RBCK1,5
ALG10,5
SREBF1,5
TICAM2,5
AKR1D1,5
TXNIP,5
MYL12A,5
SQLE,5
SRD5A1,5
SRC,5
SRD5A2,5
SDSL,5
ATG4C,5
SRF,5
SRM,5
PNN,5
NXF3,5
PNMT,5
SH2B2,5
PAICS,5
PAIP1,5
PNLIP,5
SSTR1,5
SST,5
SSTR3,5
SSTR2,5
MEF2B,5
SAR1B,5
SEPTIN4,5
ANGPTL4,5
EGLN3,5
EGLN2,5
IRAK4,5
SSTR5,5
SSTR4,5
OR6B3,5
STAR,5
STAT2,5
STAT1,5
STAT4,5
POMC,5
STAT3,5
HSD17B12,5
DYNC1LI1,5
MAN1A1,5
MAN2A2,5
SULT1E1,5
STIM1,5
MAN2A1,5
ELOVL4,5
STAT5B,5
STAT5A,5
MAGOH,5
STAT6,5
POU1F1,5
POU5F1,5
AURKA,5
POU5F1B,5
PPA1,5
STK11,5
PPARA,5
FUT9,5
AADAT,5
CYB5R4,5
STK3,5
MAOA,5
STK4,5
MAOB,5
PPAT,5
MARS1,5
PPBP,5
MAT1A,5
MAT2A,5
MATK,5
DEGS2,5
LEF1,5
HAO2,5
CREB3L4,5
PPARD,5
PPARG,5
MAPT,5
MED1,5
PPID,5
MBL2,5
MC1R,5
DCXR,5
B3GNT2,5
PPIA,5
RRAGA,5
TNFSF13B,5
MAX,5
GNA13,5
MC5R,5
WNT3A,5
PPM1A,5
PPM1B,5
PPOX,5
PPP1CA,5
MC4R,5
PLCE1,5
EBP,5
MC3R,5
GNB5,5
DLL3,5
CLDN16,5
MCM3,5
MCM4,5
MCM5,5
MCM6,5
MCM7,5
MCL1,5
MCM2,5
NUDT12,5
RAD9B,5
RASSF5,5
EDNRA,5
H2AZ2,5
EDN2,5
EDN1,5
FCSK,5
S1PR3,5
LPAR1,5
MLKL,5
S1PR1,5
LDHD,5
MDM4,5
ME1,5
MDH1,5
MDH2,5
MDM2,5
EDNRB,5
EEF1A2,5
EEF1A1,5
THEM4,5
OR52W1,5
EEF2,5
PRAP1,5
GALNT17,5
PPP1R14A,5
EFNA2,5
EFNA1,5
OR2D3,5
EFNB3,5
EFNB2,5
EFNB1,5
EFNA5,5
EFNA4,5
EFNA3,5
ARAP3,5
MTMR14,5
MEGF8,5
EGF,5
SH3GLB1,5
MECR,5
EGR2,5
EGR1,5
APH1A,5
EGFR,5
RDH11,5
ATG3,5
EIF2S1,5
OR52K2,5
EIF1AX,5
ALG14,5
EHHADH,5
KMT5B,5
EGR3,5
EPHA2,5
SBDS,5
EIF2S3,5
EIF2B1,5
FBXO32,5
EIF4B,5
EIF4A2,5
EIF4A1,5
PPP4R3B,5
EIF4EBP2,5
EIF4EBP1,5
EIF4E,5
SSX2IP,5
EIF5,5
EIF4G2,5
EIF4G1,5
PGP,5
HAP1,5
F2RL3,5
PTPN5,5
NPW,5
CBR4,5
OR2A7,5
ELAVL1,5
MPZL1,5
ACSM4,5
STING1,5
SH2D1B,5
MBOAT1,5
CH25H,5
CYP2U1,5
NAT8,5
PCLO,5
SOCS3,5
LDLRAP1,5
HACD4,5
MAP3K14,5
AIFM2,5
GNPDA2,5
CHST9,5
PKD2L1,5
RILP,5
UCK1,5
ORAI1,5
RSPO3,5
SH2D2A,5
HTRA2,5
PSTPIP1,5
NFS1,5
WIPI2,5
MAT2B,5
POMGNT2,5
ADO,5
PAPSS1,5
PAPSS2,5
PIAS2,5
MAP3K6,5
FLCN,5
CLDN8,5
CLDN10,5
CLDN1,5
CLDN6,5
CLDN2,5
IQGAP2,5
ZNF274,5
NCKAP1,5
RPEL1,5
TMSB4Y,5
PKMYT1,5
EIF1AY,5
STX3,5
TRAF3IP2,5
CLDN9,5
STX1A,5
HBS1L,5
TOB2,5
PLK2,5
AHCYL1,5
PIGQ,5
STX4,5
STXBP1,5
STX5,5
OR4N5,5
FERMT3,5
PLK4,5
STAG2,5
GALNTL6,5
SUOX,5
SULT2B1,5
SULT2A1,5
JAM3,5
SUV39H1,5
PPP1R3D,5
MASP2,5
MAP3K2,5
PPP1CB,5
PPP1CC,5
ABCC8,5
PPP1R3C,5
SYK,5
PPP2R2A,5
PPP2R2B,5
H2AC21,5
INHBE,5
PPP2R1B,5
ATG10,5
CERS1,5
NRG3,5
VAMP1,5
VAMP2,5
GALNT8,5
PPP2CA,5
PPP2CB,5
XCL2,5
PPP2R1A,5
FGF21,5
PPP3CA,5
ME2,5
TAC1,5
PPP4C,5
PPP3CB,5
GALNT16,5
OSBPL5,5
OR4N2,5
PTGES3,5
PPP2R2C,5
PPP2R3A,5
PPP2R5A,5
PPP2R5B,5
PPP2R5C,5
SYT1,5
RAET1L,5
PPP2R5D,5
PPP2R5E,5
TACR3,5
NPY4R,5
MEFV,5
DHRS4L2,5
PPP3CC,5
TACR2,5
PPP3R1,5
SHISA5,5
PPP3R2,5
MVB12B,5
TAC3,5
MEF2A,5
PPP5C,5
TACR1,5
PPT1,5
BORCS8-MEF2B,5
ADAM17,5
MEF2C,5
MEF2D,5
MAP3K7,5
NT5C3A,5
ATG16L2,5
TBC1D7,5
FGD3,5
MAP3K1,5
MAP3K3,5
MAP3K4,5
MAP3K5,5
RAB8A,5
TAP1,5
TAPBP,5
TAP2,5
PRKAA1,5
PRKAA2,5
PRKAB1,5
MET,5
ALDH8A1,5
PRKAB2,5
MOSMO,5
PIPOX,5
SMYD1,5
TALDO1,5
FBXO43,5
CLEC7A,5
PRKAG1,5
PRKAR1A,5
MFNG,5
PRKAR1B,5
MGAT1,5
PRKAR2A,5
BET1L,5
PLCZ1,5
PRKACA,5
TAT,5
PRKACB,5
TARS1,5
PRKCD,5
PRKCE,5
PRKCG,5
PRKCH,5
PRKCI,5
KITLG,5
PKN1,5
PKN2,5
PRKD1,5
CASC3,5
LAMB4,5
TLR7,5
RXFP3,5
PRKAR2B,5
PRKCA,5
MGAT2,5
PRKCB,5
MGAT3,5
MGAT5,5
OR1L8,5
PRKDC,5
PRKG1,5
CIITA,5
PRKG2,5
MAPK1,5
MAPK3,5
CD99,5
MAPK7,5
GMPR2,5
PRKCZ,5
ECSIT,5
PRKCQ,5
MGST1,5
MGST2,5
IL33,5
MGST3,5
MICB,5
MAPK8,5
MTHFD2,5
MIF,5
CXCL9,5
MITF,5
TRPV3,5
MLN,5
MAP3K11,5
KMT2A,5
NT5C1B,5
MLH1,5
FXYD4,5
IL20RB,5
IL20RA,5
NUP43,5
CLDN22,5
CPEB1,5
NRG4,5
PHOSPHO1,5
CALHM1,5
GP6,5
CLDN18,5
PPP1R3F,5
IFNL3,5
IFNL1,5
IFNL2,5
PIGP,5
PIP4P1,5
FCGR2C,5
USP8,5
MTMR6,5
RGN,5
PLA2G2D,5
TAC4,5
FBXO5,5
AJUBA,5
HIBCH,5
LATS1,5
ATP6V0D1,5
MTMR4,5
CLDN17,5
AK5,5
CGNL1,5
MTMR7,5
FGF20,5
SMC3,5
P2RX6,5
TMEM86B,5
PDGFC,5
CCNB2,5
CCNE2,5
ARHGEF1,5
AIFM1,5
FBXO25,5
ATG4D,5
HGS,5
CENPS,5
ALG1,5
ATG12,5
NME1-NME2,5
LIN54,5
SESN2,5
CENPX,5
TLN2,5
MYLK4,5
GALNT13,5
EBAG9,5
ACMSD,5
DGKI,5
OR1J4,5
OR2B6,5
OR2F1,5
ZBP1,5
CD99L2,5
HTR3B,5
FBXL3,5
PHGDH,5
LPAR2,5
B3GAT3,5
MAP3K13,5
IL1RL1,5
TUBB1,5
WNT5B,5
OSMR,5
NLGN1,5
ARHGEF2,5
SEC31A,5
ENPP4,5
BUB3,5
INPP5F,5
NLGN4X,5
CPSF4,5
TBL1X,5
PPARGC1A,5
RAB10,5
CNTN2,5
MMP24,5
MALT1,5
AARS2,5
MAVS,5
TAZ,5
MSI2,5
SLC33A1,5
ABLIM3,5
TBXAS1,5
XPO5,5
TBXA2R,5
CHSY1,5
DTX2,5
NTNG1,5
TCF3,5
RPTOR,5
SRGAP1,5
HCST,5
ELOC,5
ME3,5
ELOB,5
TBX3,5
NMU,5
NLRP1,5
ATG14,5
MAP2K5,5
GPR83,5
MAP2K6,5
MAP2K7,5
CGN,5
MAPK11,5
MAPK9,5
TCF7,5
MAPK10,5
MAPK13,5
TCF7L2,5
MAP2K1,5
MAP2K2,5
NPFFR2,5
MAP2K3,5
MTFMT,5
SLC51B,5
PRLR,5
HPSE,5
LILRB1,5
CYP46A1,5
EIF2AK2,5
CCL27,5
PRL,5
DOLK,5
CPEB3,5
PRPS1,5
CANT1,5
TAOK1,5
RAB11FIP2,5
NCEH1,5
NLGN2,5
PROC,5
PRODH,5
PROS1,5
LGMN,5
SIPA1L2,5
SETDB2,5
AFDN,5
MRAS,5
PRPS2,5
FOXO4,5
NR3C2,5
NLGN4Y,5
MMP13,5
CARNS1,5
RASA3,5
PDE10A,5
KRT24,5
MRAP,5
MMP1,5
DAB2IP,5
MMP2,5
PRSS1,5
PRSS2,5
PRSS3,5
MMP7,5
ALDH1L1,5
MASP1,5
MMP9,5
RELN,5
FTCD,5
PSEN1,5
PSEN2,5
GZMB,5
GUCY2D,5
PLA1A,5
MMP14,5
MMP15,5
MMP16,5
MMP17,5
ALDH6A1,5
ANAPC1,5
ESAM,5
H2AC7,5
H2AC8,5
ANGPT4,5
TDO2,5
MOCS1,5
MOCS2,5
MPI,5
MPL,5
MPO,5
TARS3,5
CSAD,5
ATP6V1D,5
WNT16,5
H2AZ1,5
H2AX,5
MRE11,5
PYY,5
HARS1,5
HAL,5
HADH,5
HADHB,5
HADHA,5
TRPV2,5
HAGH,5
HSD17B10,5
CERS6,5
MPST,5
MPZ,5
OR8H3,5
NUP35,5
RAET1E,5
CREB3L1,5
HCK,5
SERPIND1,5
HCCS,5
HCRT,5
HDC,5
HDAC2,5
HDAC1,5
HCRTR2,5
HCRTR1,5
HCLS1,5
NCKAP1L,5
HEXB,5
HEXA,5
HGF,5
HGD,5
OR52N4,5
OR52N2,5
NRG1,5
PSTK,5
CSNK1G1,5
A4GALT,5
HIF1A,5
PLA2G2F,5
HK2,5
HK1,5
UROC1,5
OR51M1,5
LAMTOR2,5
CYP39A1,5
GCNT4,5
KCNK9,5
OR6B2,5
OR52H1,5
GBGT1,5
GIT1,5
PRDM6,5
TLR8,5
CPSF2,5
PIGM,5
TNFRSF12A,5
OR10A6,5
HACD1,5
AACS,5
RMI2,5
FZR1,5
TAOK3,5
HSD11B1L,5
BMP15,5
VAPB,5
LARGE1,5
RHOT2,5
MAGI1,5
LRAT,5
ACVR1C,5
TAS1R3,5
WASF3,5
VAPA,5
RRAS2,5
ITGA11,5
CLCA4,5
PTTG1,5
FRS2,5
PRICKLE2,5
RAB11B,5
ITCH,5
DLG5,5
LRTOMT,5
NEU3,5
H2AB3,5
DLGAP1,5
GCNT3,5
DHRS3,5
GCM2,5
NOG,5
HIPK1,5
CACNA2D2,5
RIMKLB,5
RPS6KA5,5
NUMBL,5
ARID1B,5
CYSLTR1,5
SEC24A,5
CCR9,5
KIDINS220,5
CYTH1,5
CYTH3,5
CYTH2,5
MAPKAPK2,5
SGPP2,5
NAPRT,5
PELO,5
MED14,5
HIPK2,5
GAPDHS,5
SESN3,5
ORAI3,5
TAB3,5
ATP6V1F,5
S1PR2,5
RIMS1,5
STIM2,5
CCR2,5
TRPV5,5
IL36G,5
NT5C2,5
MYH7B,5
SLC27A5,5
SLC27A4,5
LILRB5,5
ACOD1,5
SDS,5
SV2C,5
MYH15,5
PTGDS,5
ACIN1,5
PTEN,5
PTGDR,5
IL22RA1,5
PSME1,5
PSME2,5
PSPH,5
OR4N4,5
PTAFR,5
PTCH1,5
PTGIS,5
P2RX2,5
PTGIR,5
CLP1,5
LAMTOR1,5
PTGER1,5
PTGER2,5
PTGER3,5
PTGER4,5
YWHAQ,5
PTGFR,5
RASSF4,5
STX17,5
GPAM,5
PPP2R3C,5
EARS2,5
PTGS1,5
PTGS2,5
SAT2,5
PTHLH,5
PTH1R,5
PTH2R,5
PTK2,5
SIRT2,5
RPIA,5
SNW1,5
CHD8,5
HK3,5
LRRC4C,5
SEPHS1,5
BTG3,5
DKK1,5
PTPN1,5
PTPN2,5
MSI1,5
HLA-DOB,5
HLA-DOA,5
SHANK2,5
ACOT2,5
HLA-DMB,5
HLA-DMA,5
HLA-C,5
MOCOS,5
HLA-B,5
HLA-A,5
FANCM,5
ERP29,5
PTPN11,5
PTPN13,5
HLA-DRB1,5
HLA-DRA,5
DEPTOR,5
HLA-DQB1,5
HLA-DQA2,5
HLA-DQA1,5
HLA-DPB1,5
HLA-DPA1,5
PTPN6,5
PTPN7,5
PTPRF,5
PTPRJ,5
HLA-F,5
HLA-E,5
HLA-DRB5,5
HLA-DRB4,5
HACD3,5
HLA-DRB3,5
PTPRB,5
PTPRC,5
HMBS,5
HLCS,5
HLA-G,5
PTPRM,5
HMGCR,5
HMGCL,5
HMGB1,5
MSN,5
MT1E,5
MT1F,5
MT1G,5
MT1H,5
NR4A1,5
HMOX2,5
HMOX1,5
NOTUM,5
HMMR,5
MT1B,5
HMGCS2,5
HMGCS1,5
MT1A,5
FOXA2,5
HNMT,5
HNF4A,5
GPAT2,5
MT1M,5
FNIP2,5
B3GAT2,5
OR51E1,5
CPEB2,5
PLPP4,5
OR51E2,5
OR9G1,5
AMOTL2,5
PRKAG2,5
EVC2,5
ANAPC7,5
ANAPC5,5
OR5B12,5
SMURF2,5
SMYD3,5
IP6K2,5
PCYOX1,5
ACSF3,5
ASIC3,5
CREB3L2,5
KLF4,5
IPPK,5
SOCS6,5
TRIP10,5
GALNT15,5
EVL,5
B4GALT5,5
B4GALT6,5
GLRA3,5
CERK,5
CNOT8,5
TBC1D15,5
IL27,5
CYB5RL,5
HSD17B7,5
ISYNA1,5
TAOK2,5
SNAP29,5
KLRK1,5
NCBP2,5
RALBP1,5
GLP2R,5
VAMP3,5
PREX1,5
EHD1,5
SACM1L,5
FAN1,5
SLIT2,5
CUBN,5
ATF6,5
STAM,5
SEPHS2,5
GPCPD1,5
NUP214,5
CER1,5
KYAT3,5
WDR48,5
STARD3,5
UGT2A1,5
SHOC2,5
KL,5
SLC9A3R1,5
NRXN3,5
PNPLA6,5
NCOA4,5
SUGT1,5
PLA2G4D,5
GADD45G,5
OR8G1,5
UTS2,5
OR10A3,5
EDAR,5
IP6K3,5
NRXN1,5
CARD8,5
NRXN2,5
EPN2,5
ADIPOQ,5
EHMT2,5
PPT2,5
ZFYVE9,5
RNPS1,5
PARD3,5
DBF4,5
LIPG,5
GRHPR,5
PDHX,5
FOSL1,5
DHRS4,5
MAN1A2,5
KRT27,5
FXR1,5
KMT2D,5
PTS,5
PTPRR,5
PVR,5
LTB4R2,5
NECTIN1,5
NECTIN2,5
RAD1,5
ATP6V0E2,5
PLIN4,5
C9orf72,5
PXN,5
B4GALNT3,5
MTAP,5
ATG2B,5
PYCR1,5
ALDH18A1,5
MT1X,5
PCYT2,5
MT2A,5
PYGB,5
PYGL,5
PYGM,5
MAGOHB,5
ARHGAP17,5
MTCP1,5
QDPR,5
RAB1A,5
RAB2A,5
FANCL,5
NLRP3,5
MTHFD1,5
MTHFR,5
QARS1,5
MAP4K2,5
RAB13,5
RGL2,5
RAB3A,5
MTM1,5
RAB4A,5
RAB5A,5
RAB5B,5
RAC2,5
RAC3,5
RAD9A,5
CTPS2,5
RPRM,5
CCL28,5
MTNR1A,5
MTNR1B,5
RAB5C,5
RAC1,5
MTR,5
RAF1,5
DARS2,5
RAD21,5
MAPKAP1,5
RAD51,5
RAD51C,5
HPD,5
RAG1,5
RAG2,5
RALA,5
RALB,5
LCLAT1,5
HPRT1,5
SIRPA,5
UPP2,5
PABPC5,5
MMUT,5
MVD,5
IL23R,5
HRAS,5
PRMT1,5
HRH2,5
HRC,5
HRH1,5
MVK,5
HES1,5
NANP,5
HSD3B2,5
HSD3B1,5
GBA2,5
HSD11B2,5
HSD11B1,5
HSD17B4,5
HSD17B2,5
HSD17B3,5
HSD17B1,5
SEMA4G,5
KLB,5
GBA3,5
CARD14,5
CHAC1,5
ELOVL1,5
LARS1,5
ANAPC11,5
GNPNAT1,5
PORCN,5
ALG12,5
VTA1,5
ETNPPL,5
GRAP2,5
OR10H1,5
OR10H2,5
SCLY,5
SIRT6,5
SIRT7,5
TJP2,5
FADS2,5
RAB14,5
ACKR4,5
CYP7B1,5
IDNK,5
NTN1,5
GDF7,5
IL23A,5
NCR1,5
LATS2,5
IL36RN,5
DAZAP1,5
DPF3,5
MED27,5
AIM2,5
MAP4K4,5
GSTO1,5
MED17,5
PCF11,5
PIAS4,5
OR2L8,5
OR2L3,5
HOMER3,5
HEYL,5
HOMER2,5
GGPS1,5
ARHGEF6,5
HOMER1,5
EIF2AK3,5
IL27RA,5
PCYT1B,5
NPRL3,5
RASAL2,5
EPN3,5
GGCT,5
BRIP1,5
ATG5,5
ROCK2,5
KIF7,5
MAPK8IP1,5
HDDC3,5
ATG16L1,5
VKORC1,5
EIF4E2,5
SLC7A5,5
NCALD,5
PIGL,5
PIGB,5
CHST10,5
PGS1,5
NADK2,5
STX8,5
WIPI1,5
PANK2,5
RIMKLA,5
RNF31,5
SPATA13,5
NUP37,5
ACOT4,5
DGLUCY,5
RMI1,5
MADCAM1,5
TRPM8,5
ALG8,5
SYMPK,5
MVB12A,5
NMNAT1,5
P2RY12,5
RANGAP1,5
RAP1A,5
RAP1B,5
RAP1GAP,5
GSTO2,5
RALGDS,5
RAN,5
RANBP2,5
ELOVL6,5
DPF1,5
DCTPP1,5
IL25,5
CLDN24,5
RARS1,5
OR2A42,5
RARA,5
OR2AE1,5
MICA,5
ATG9A,5
RBBP4,5
PGAP1,5
GREM1,5
CHMP5,5
RASA1,5
GTSE1,5
RASA2,5
RASGRF1,5
RASGRF2,5
RB1,5
MYC,5
RSPO4,5
CADM3,5
RBBP8,5
MYB,5
RBL1,5
RBL2,5
MYBL2,5
RBP2,5
MYH1,5
FANCI,5
TMLHE,5
MYD88,5
GADD45B,5
MYH10,5
RDH5,5
MYH11,5
ETNK2,5
MYH2,5
MYH3,5
MYH4,5
PANK4,5
MYH6,5
MYH7,5
RCVRN,5
MYH9,5
RELA,5
RELB,5
REN,5
HSPA6,5
NEGR1,5
MOB1A,5
HSPA2,5
HSPA1L,5
HSPA1B,5
GATC,5
HSPA1A,5
RDX,5
KSR2,5
MYL2,5
MYL3,5
REL,5
MYL4,5
MYL5,5
HTR3C,5
MYL6,5
HSPA4,5
MYLK,5
MYO10,5
HSP90AA1,5
STEAP3,5
HKDC1,5
HSPB1,5
HSPA8,5
RENBP,5
UPF1,5
PPP1R12B,5
RFX5,5
RFXAP,5
ELF5,5
CASTOR2,5
ALG10B,5
ADI1,5
WDR41,5
HSP90AB1,5
RFNG,5
PPP1R12A,5
NAIP,5
RAB11FIP1,5
TARS2,5
HSPG2,5
ELK4,5
ELK1,5
RGS2,5
NACA,5
RGS3,5
NAGA,5
NAGLU,5
NBL1,5
NBN,5
NCAM1,5
NCAM2,5
HTR1E,5
ENO1,5
HTR1D,5
HTR1B,5
SGPP1,5
RASGRP4,5
QRSL1,5
PGM2,5
CTTN,5
SDR16C5,5
THOC6,5
NARS1,5
OR1J1,5
NCK1,5
OR2H1,5
OR1B1,5
NDUFA1,5
NDUFA2,5
NDUFA3,5
EP300,5
HUS1,5
HTR7,5
HTR6,5
HTR5A,5
HTR4,5
HTR3A,5
HTR2C,5
ENO3,5
HTR2B,5
ENO2,5
HTR2A,5
HTR1F,5
KRT40,5
NCBP1,5
NCF2,5
NCF4,5
IARS1,5
EPHA7,5
IAPP,5
EPHA5,5
EPHA4,5
HYAL1,5
EPHA3,5
EPHA1,5
NT5C1B-RDH14,5
TNC,5
PHYKPL,5
NDUFA4,5
NDUFA5,5
EPO,5
ICAM3,5
STX2,5
ICAM2,5
EPHX2,5
ICAM1,5
EPHX1,5
EPHB6,5
IBSP,5
ABHD14A-ACY1,5
EPHB4,5
EPHB3,5
EPHB2,5
EPHB1,5
EPHA8,5
RNF103-CHMP3,5
SMCR8,5
ID2,5
ID1,5
ERBB4,5
ERBB3,5
ERBB2,5
EPS15,5
EPRS1,5
EPOR,5
HAMP,5
OR52K1,5
EREG,5
ID3,5
RAET1G,5
RAP2C,5
ERN1,5
ESR1,5
ESD,5
PIP5KL1,5
CENPS-CORT,5
GPR119,5
SOCS4,5
MAGED1,5
CHSY3,5
CLDN23,5
FXR2,5
GAL3ST1,5
CHMP3,5
RASD1,5
AFMID,5
TECR,5
VPS4B,5
OR7A5,5
SPTLC2,5
GDF5,5
BAG4,5
PTGES,5
NCOA3,5
NRG2,5
TP53I3,5
CIR1,5
CXCL14,5
SUFU,5
EI24,5
SEC22B,5
ATP5MF,5
MACROH2A1,5
ATP6V1G1,5
OR7E24,5
CPSF3,5
CLTCL1,5
BCAR1,5
MINPP1,5
H6PD,5
GABBR2,5
GTF2IRD1,5
PNPLA4,5
CLOCK,5
SMC1A,5
BABAM2,5
NR1D1,5
GOSR2,5
SPDYE2B,5
AK9,5
CREB5,5
MGAM2,5
PRDX6,5
PNPO,5
ENTPD4,5
DHX58,5
PIK3R6,5
WEE2,5
CYP2R1,5
AWAT2,5
RDH10,5
PKD1L3,5
ATXN1L,5
GDPD3,5
DHRS11,5
UXS1,5
THOC7,5
FRAS1,5
SIKE1,5
PTGES2,5
ARID1A,5
NADSYN1,5
LPIN3,5
MBOAT7,5
FKRP,5
MOGAT2,5
THTPA,5
LIPT1,5
PTDSS2,5
PIGT,5
ATP6V1H,5
SIK1,5
RASAL3,5
LILRA6,5
IGSF5,5
ASRGL1,5
NDUFA10,5
NDUFAB1,5
NDUFB1,5
NDUFB2,5
NDUFB3,5
NDUFA6,5
NDUFA7,5
NDUFA8,5
NDUFA9,5
TAAR1,5
BRCC3,5
NDUFB10,5
NDUFC1,5
NDUFC2,5
NDUFS1,5
NDUFB4,5
NDUFB5,5
NDUFB6,5
NDUFB7,5
NDUFB8,5
NDUFB9,5
NECTIN4,5
FIP1L1,5
URM1,5
NDUFS8,5
OR2S2,5
NDUFV2,5
AGPAT5,5
NDUFS2,5
NDUFS3,5
NDUFV1,5
NDUFS4,5
NDUFS5,5
NDUFS6,5
SPDYE6,5
ACER3,5
ID4,5
SH3KBP1,5
NDUFV3,5
WDR33,5
NEDD4,5
IDH3B,5
SUCNR1,5
IDH1,5
ERO1A,5
CSNK2A3,5
OR10H5,5
CHDH,5
IDH3A,5
IDH2,5
ESR2,5
TRAK2,5
SAR1A,5
CTU2,5
VNN3,5
ACSBG2,5
CAB39L,5
IFI16,5
CDC26,5
PLA2G4B,5
IDUA,5
DIAPH3,5
IDS,5
IDI1,5
IDH3G,5
NEO1,5
NEU1,5
NEU2,5
TUBA3D,5
NF2,5
NFATC1,5
NFATC2,5
CXXC4,5
PI4K2A,5
IFNA1,5
ETF1,5
WNT10A,5
ESRRB,5
OR51B4,5
PIDD1,5
NF1,5
NFE2L2,5
FLAD1,5
MECOM,5
EVC,5
PDGFD,5
IFNA13,5
CPEB4,5
IFNA8,5
ETS2,5
ETS1,5
NFATC3,5
NFATC4,5
AZIN2,5
THEM5,5
NFKB1,5
NFKB2,5
NFKBIA,5
NFKBIB,5
NFKBIE,5
EXT2,5
PNPLA3,5
EXT1,5
IFNGR2,5
CARD16,5
IFNGR1,5
IFNB1,5
COASY,5
IFNAR2,5
IFNAR1,5
VMP1,5
TJAP1,5
ULBP1,5
ULBP2,5
EXTL3,5
IFNW1,5
PABPC1L,5
EXTL2,5
WDR82,5
EXTL1,5
F7,5
IGFBP3,5
F5,5
F3,5
IGFALS,5
F2RL2,5
F2RL1,5
IGF2,5
IGF1R,5
TUBB,5
F2R,5
EIF4E1B,5
IGF1,5
F2,5
EZH2,5
EZH1,5
IGBP1,5
NAGS,5
F13B,5
F13A1,5
CLDN19,5
F12,5
OR13J1,5
NLRP7,5
F10,5
F8,5
FANCD2,5
FANCC,5
FANCA,5
B3GALT6,5
FABP3,5
UBE2T,5
FABP2,5
FABP1,5
FABP4,5
CHMP4A,5
BABAM1,5
ACSL1,5
FANCF,5
FANCB,5
PTK2B,5
FAH,5
ACSL4,5
ACSL3,5
FANCE,5
CYP26B1,5
ERO1B,5
PAN3,5
SLC40A1,5
FASN,5
FARSA,5
FANCG,5
DIABLO,5
CASTOR1,5
IFNLR1,5
MED4,5
INPP5E,5
ASAH2,5
C1GALT1C1,5
SETD2,5
PDIA4,5
OR2AG2,5
PI4K2B,5
SPTLC3,5
OLAH,5
NCOR2,5
RIN1,5
NCOR1,5
RFK,5
GDF6,5
RAB8B,5
GNG13,5
INPP5K,5
GDA,5
GNA14,5
NUP155,5
CLCA2,5
SEC24C,5
CLDN15,5
OR5K2,5
GUCA1C,5
MAP3K20,5
ACOX3,5
IKBKE,5
BRAP,5
AXIN1,5
AXIN2,5
KDM3B,5
ISG15,5
ACOX2,5
FZD1,5
FZD4,5
PLCH2,5
FZD8,5
FZD9,5
FZD6,5
FZD7,5
SOCS5,5
DHFR2,5
SLCO1B7,5
CDC45,5
CDC7,5
LPIN2,5
H2AC16,5
H2AC15,5
H2AC14,5
TEAD4,5
H2AC17,5
TEAD1,5
TEC,5
H2AC6,5
TEAD3,5
H2AC4,5
H2AC13,5
ZNF516,5
TEK,5
TTI1,5
PPIP5K1,5
PNLIPRP3,5
RRM2B,5
PLA2G3,5
H2AC20,5
TFDP1,5
NUP93,5
OR1L3,5
DEPDC5,5
ENO4,5
TFAM,5
TF,5
TFPI,5
TFRC,5
CALML6,5
TGFA,5
RIMS2,5
TG,5
RAPGEF2,5
TFF1,5
TFE3,5
OR1J2,5
TFDP2,5
LEFTY2,5
TGFB3,5
TGFBR1,5
TGFBR2,5
MAD1L1,5
TGFB1,5
HYAL3,5
TGFB2,5
RHOT1,5
PLA2G12A,5
OR1E1,5
TH,5
THBS1,5
THBD,5
OR1D5,5
THBS3,5
THBS2,5
ORAI2,5
TGIF1,5
FAAP100,5
TXNDC5,5
RUFY1,5
PLA2G6,5
THPO,5
PLA2G10,5
PIP4K2B,5
THRB,5
THRA,5
PNPLA7,5
THBS4,5
PIP5K1A,5
PIP5K1B,5
CYB5R2,5
NLK,5
ACSL5,5
CYB5R1,5
TIMP1,5
THY1,5
TIAM1,5
CAB39,5
OR13A1,5
TJP1,5
TK2,5
TK1,5
TKT,5
NGFR,5
SPDYC,5
PGM2L1,5
P4HA3,5
NFYA,5
NFYB,5
NFYC,5
NGF,5
TLR4,5
CMPK1,5
TLR3,5
CACNA2D4,5
TLN1,5
TLR2,5
TLR1,5
HSD3B7,5
OR2L13,5
UPB1,5
AGRN,5
RAPGEF6,5
ITPKC,5
GHRL,5
GSTK1,5
KCNU1,5
NMB,5
NMBR,5
CD244,5
NNMT,5
NODAL,5
LIPT2,5
NME1,5
NME2,5
NME3,5
NME4,5
RBPJ,5
VTI1A,5
NOS1,5
NOS2,5
NOS3,5
PGAM5,5
PNP,5
CSGALNACT2,5
NOTCH1,5
NOTCH2,5
NOTCH3,5
NOTCH4,5
TIRAP,5
FCER1G,5
MS4A2,5
FBP1,5
CD274,5
NPAS2,5
NPC1,5
FCGR1A,5
NPPC,5
NPR1,5
NPR2,5
IL1A,5
IKBKB,5
FKTN,5
IHH,5
FCGR3B,5
FCGR3A,5
FCGR2B,5
FCGR2A,5
NPPA,5
NPPB,5
CHMP4C,5
NRAS,5
IL3RA,5
IL3,5
PYCARD,5
IL2RG,5
NXT1,5
IL2RB,5
SSU72,5
IL1RN,5
IL1RAP,5
FDPS,5
IL1R1,5
IL1B,5
FDFT1,5
NPY1R,5
NPY2R,5
CKMT1A,5
IL7,5
FGA,5
CTNNA3,5
FES,5
IL6ST,5
FER,5
IL6R,5
GPC4,5
IL6,5
TBK1,5
BIRC7,5
IL5,5
MYLIP,5
IL4R,5
FECH,5
IL4,5
NRCAM,5
NRF1,5
FGF9,5
FGF8,5
FGF7,5
IL9R,5
FGF5,5
CXCR2,5
FGF2,5
IL9,5
CXCR1,5
FGF1,5
CXCL8,5
FGD1,5
IL7R,5
FGB,5
IL13,5
FGFR4,5
IL12RB2,5
FGFR2,5
IL12RB1,5
IL12B,5
FGFR3,5
IL12A,5
FGFR1,5
IL11RA,5
ULBP3,5
NANS,5
IL11,5
IL10RB,5
IL10RA,5
IL10,5
FHL2,5
FHL1,5
FHIT,5
FH,5
SGO1,5
IPMK,5
FGR,5
IL13RA2,5
IL13RA1,5
FGG,5
VEGFD,5
NMNAT3,5
TICAM1,5
SLC51A,5
ESPL1,5
RUBCN,5
GABRR3,5
ULK2,5
NOS1AP,5
SEMA3E,5
B3GNT6,5
SIRPG,5
DOCK4,5
SPATA2L,5
ADA,5
DTX3L,5
ADCY1,5
ADCY2,5
ADCY3,5
TLR9,5
STRADB,5
EEA1,5
ADCY5,5
ADCY6,5
ADCY7,5
ADCY8,5
ADCY9,5
ADCYAP1,5
ADCYAP1R1,5
SPOP,5
SETD1A,5
ULK1,5
BBOX1,5
TBKBP1,5
PLIN2,5
ADH1A,5
ADH1B,5
ADH1C,5
ADH4,5
ADH5,5
STX7,5
SLK,5
OR5C1,5
OR1L6,5
NR0B2,5
TLR5,5
SOAT2,5
ZFYVE16,5
ADH6,5
ADH7,5
ADK,5
ADM,5
ADORA1,5
ADORA2A,5
ADORA2B,5
HDAC4,5
KMT2B,5
GNPAT,5
NCK2,5
RAPGEF5,5
TMSB4X,5
EIF4A3,5
ATG13,5
ADORA3,5
RASSF2,5
PARP1,5
PARP4,5
ADRA1D,5
ADRA1B,5
ADRA1A,5
NSMAF,5
RASAL1,5
TM7SF2,5
CUL1,5
CLDN5,5
CUL3,5
TNF,5
TTF2,5
OPLAH,5
ADRA2A,5
ADRA2B,5
ADRA2C,5
ADRB1,5
ADRB2,5
ADRB3,5
GRK2,5
GRK3,5
ADSL,5
ADSS2,5
TNFRSF1A,5
TNNC1,5
MAML1,5
TNFRSF1B,5
TEAD2,5
TNNI3,5
AP2A1,5
PTDSS1,5
AP2A2,5
AP2B1,5
TNFAIP3,5
TNR,5
TNXB,5
IRS4,5
AFP,5
AGL,5
TNNT2,5
H2AC12,5
GEMIN2,5
TOP3A,5
GALR3,5
TP53BP1,5
TP53,5
PLIN5,5
TP53BP2,5
AGRP,5
JAG1,5
AGT,5
SEMA7A,5
AGTR1,5
RAE1,5
APLNR,5
AGXT,5
TPI1,5
CERS5,5
TPH1,5
TPM2,5
TPM1,5
NR0B1,5
AHCY,5
SPDYE1,5
TP73,5
PPM1D,5
AHR,5
MAP4K3,5
COQ3,5
TUBA8,5
CALML5,5
GALNT7,5
PHAX,5
STRADA,5
TPM3,5
TPMT,5
TPM4,5
TPO,5
BHLHE41,5
B3GNT4,5
ADA2,5
TRAF3,5
TRAF2,5
TRAF6,5
TRAF5,5
ATG9B,5
TRAF1,5
HSP90B1,5
NSF,5
NT5E,5
NTF3,5
NTF4,5
PDCD1LG2,5
CRB3,5
NTRK1,5
NTRK2,5
NTRK3,5
ROR1,5
DUOX2,5
SRR,5
NUP88,5
NUP98,5
NR4A2,5
KMT5A,5
RSPO1,5
ROR2,5
SYCP3,5
NTS,5
NTSR1,5
TNFRSF9,5
IL16,5
IL15RA,5
IL15,5
IL18,5
PABPC4L,5
NDUFC2-KCTD14,5
IMPDH2,5
IMPDH1,5
IMPA2,5
IMPA1,5
ILK,5
OAT,5
MICOS10-NBL1,5
INHBC,5
INHBB,5
INHBA,5
IDO1,5
OCRL,5
ODC1,5
MYL12B,5
INPP1,5
CXCL10,5
FAKE_MAX,9
FAKE_MIN,0
